PolicyName	Path	Type
AccessAnalyzerServiceRolePolicy	/aws-service-role/	AWS managed
AdministratorAccess	/	Job function
AlexaForBusinessDeviceSetup	/	AWS managed
AlexaForBusinessFullAccess	/	AWS managed
AlexaForBusinessGatewayExecution	/	AWS managed
AlexaForBusinessNetworkProfileServicePolicy	/aws-service-role/	AWS managed
AlexaForBusinessPolyDelegatedAccessPolicy	/	AWS managed
AlexaForBusinessReadOnlyAccess	/	AWS managed
AmazonAPIGatewayAdministrator	/	AWS managed
AmazonAPIGatewayInvokeFullAccess	/	AWS managed
AmazonAPIGatewayPushToCloudWatchLogs	/service-role/	AWS managed
AmazonAppStreamFullAccess	/	AWS managed
AmazonAppStreamReadOnlyAccess	/	AWS managed
AmazonAppStreamServiceAccess	/service-role/	AWS managed
AmazonAthenaFullAccess	/	AWS managed
AmazonAugmentedAIFullAccess	/	AWS managed
AmazonAugmentedAIHumanLoopFullAccess	/	AWS managed
AmazonChimeFullAccess	/	AWS managed
AmazonChimeReadOnly	/	AWS managed
AmazonChimeSDK	/	AWS managed
AmazonChimeServiceRolePolicy	/aws-service-role/	AWS managed
AmazonChimeUserManagement	/	AWS managed
AmazonChimeVoiceConnectorServiceLinkedRolePolicy	/aws-service-role/	AWS managed
AmazonCloudDirectoryFullAccess	/	AWS managed
AmazonCloudDirectoryReadOnlyAccess	/	AWS managed
AmazonCodeGuruProfilerFullAccess	/	AWS managed
AmazonCodeGuruProfilerReadOnlyAccess	/	AWS managed
AmazonCodeGuruReviewerFullAccess	/	AWS managed
AmazonCodeGuruReviewerReadOnlyAccess	/	AWS managed
AmazonCodeGuruReviewerServiceRolePolicy	/aws-service-role/	AWS managed
AmazonCognitoDeveloperAuthenticatedIdentities	/	AWS managed
AmazonCognitoIdpEmailServiceRolePolicy	/aws-service-role/	AWS managed
AmazonCognitoPowerUser	/	AWS managed
AmazonCognitoReadOnly	/	AWS managed
AmazonConnectFullAccess	/	AWS managed
AmazonConnectReadOnlyAccess	/	AWS managed
AmazonConnectServiceLinkedRolePolicy	/aws-service-role/	AWS managed
AmazonDMSCloudWatchLogsRole	/service-role/	AWS managed
AmazonDMSRedshiftS3Role	/service-role/	AWS managed
AmazonDMSVPCManagementRole	/service-role/	AWS managed
AmazonDocDBConsoleFullAccess	/	AWS managed
AmazonDocDBFullAccess	/	AWS managed
AmazonDocDBReadOnlyAccess	/	AWS managed
AmazonDRSVPCManagement	/	AWS managed
AmazonDynamoDBFullAccess	/	AWS managed
AmazonDynamoDBFullAccesswithDataPipeline	/	AWS managed
AmazonDynamoDBReadOnlyAccess	/	AWS managed
AmazonEC2ContainerRegistryFullAccess	/	AWS managed
AmazonEC2ContainerRegistryPowerUser	/	AWS managed
AmazonEC2ContainerRegistryReadOnly	/	AWS managed
AmazonEC2ContainerServiceAutoscaleRole	/service-role/	AWS managed
AmazonEC2ContainerServiceEventsRole	/service-role/	AWS managed
AmazonEC2ContainerServiceforEC2Role	/service-role/	AWS managed
AmazonEC2ContainerServiceFullAccess	/	AWS managed
AmazonEC2ContainerServiceRole	/service-role/	AWS managed
AmazonEC2FullAccess	/	AWS managed
AmazonEC2ReadOnlyAccess	/	AWS managed
AmazonEC2RoleforAWSCodeDeploy	/service-role/	AWS managed
AmazonEC2RoleforDataPipelineRole	/service-role/	AWS managed
AmazonEC2RoleforSSM	/service-role/	AWS managed
AmazonEC2RolePolicyForLaunchWizard	/	AWS managed
AmazonEC2SpotFleetAutoscaleRole	/service-role/	AWS managed
AmazonEC2SpotFleetRole	/service-role/	AWS managed
AmazonEC2SpotFleetTaggingRole	/service-role/	AWS managed
AmazonECS_FullAccess	/	AWS managed
AmazonECSServiceRolePolicy	/aws-service-role/	AWS managed
AmazonECSTaskExecutionRolePolicy	/service-role/	AWS managed
AmazonEKS_CNI_Policy	/	AWS managed
AmazonEKSClusterPolicy	/	AWS managed
AmazonEKSFargatePodExecutionRolePolicy	/	AWS managed
AmazonEKSForFargateServiceRolePolicy	/aws-service-role/	AWS managed
AmazonEKSServicePolicy	/	AWS managed
AmazonEKSServiceRolePolicy	/aws-service-role/	AWS managed
AmazonEKSWorkerNodePolicy	/	AWS managed
AmazonElastiCacheFullAccess	/	AWS managed
AmazonElastiCacheReadOnlyAccess	/	AWS managed
AmazonElasticFileSystemClientFullAccess	/	AWS managed
AmazonElasticFileSystemClientReadOnlyAccess	/	AWS managed
AmazonElasticFileSystemClientReadWriteAccess	/	AWS managed
AmazonElasticFileSystemFullAccess	/	AWS managed
AmazonElasticFileSystemReadOnlyAccess	/	AWS managed
AmazonElasticFileSystemServiceRolePolicy	/aws-service-role/	AWS managed
AmazonElasticMapReduceEditorsRole	/service-role/	AWS managed
AmazonElasticMapReduceforAutoScalingRole	/service-role/	AWS managed
AmazonElasticMapReduceforEC2Role	/service-role/	AWS managed
AmazonElasticMapReduceFullAccess	/	AWS managed
AmazonElasticMapReduceReadOnlyAccess	/	AWS managed
AmazonElasticMapReduceRole	/service-role/	AWS managed
AmazonElasticsearchServiceRolePolicy	/aws-service-role/	AWS managed
AmazonElasticTranscoder_FullAccess	/	AWS managed
AmazonElasticTranscoder_JobsSubmitter	/	AWS managed
AmazonElasticTranscoder_ReadOnlyAccess	/	AWS managed
AmazonElasticTranscoderRole	/service-role/	AWS managed
AmazonEMRCleanupPolicy	/aws-service-role/	AWS managed
AmazonESCognitoAccess	/	AWS managed
AmazonESFullAccess	/	AWS managed
AmazonESReadOnlyAccess	/	AWS managed
AmazonEventBridgeFullAccess	/	AWS managed
AmazonEventBridgeReadOnlyAccess	/	AWS managed
AmazonEventBridgeSchemasFullAccess	/	AWS managed
AmazonEventBridgeSchemasReadOnlyAccess	/	AWS managed
AmazonEventBridgeSchemasServiceRolePolicy	/aws-service-role/	AWS managed
AmazonForecastFullAccess	/	AWS managed
AmazonFraudDetectorFullAccessPolicy	/	AWS managed
AmazonFreeRTOSFullAccess	/	AWS managed
AmazonFreeRTOSOTAUpdate	/service-role/	AWS managed
AmazonFSxConsoleFullAccess	/	AWS managed
AmazonFSxConsoleReadOnlyAccess	/	AWS managed
AmazonFSxFullAccess	/	AWS managed
AmazonFSxReadOnlyAccess	/	AWS managed
AmazonFSxServiceRolePolicy	/aws-service-role/	AWS managed
AmazonGlacierFullAccess	/	AWS managed
AmazonGlacierReadOnlyAccess	/	AWS managed
AmazonGuardDutyFullAccess	/	AWS managed
AmazonGuardDutyReadOnlyAccess	/	AWS managed
AmazonGuardDutyServiceRolePolicy	/aws-service-role/	AWS managed
AmazonInspectorFullAccess	/	AWS managed
AmazonInspectorReadOnlyAccess	/	AWS managed
AmazonInspectorServiceRolePolicy	/aws-service-role/	AWS managed
AmazonKendraFullAccess	/	AWS managed
AmazonKendraReadOnlyAccess	/	AWS managed
AmazonKinesisAnalyticsFullAccess	/	AWS managed
AmazonKinesisAnalyticsReadOnly	/	AWS managed
AmazonKinesisFirehoseFullAccess	/	AWS managed
AmazonKinesisFirehoseReadOnlyAccess	/	AWS managed
AmazonKinesisFullAccess	/	AWS managed
AmazonKinesisReadOnlyAccess	/	AWS managed
AmazonKinesisVideoStreamsFullAccess	/	AWS managed
AmazonKinesisVideoStreamsReadOnlyAccess	/	AWS managed
AmazonLaunchWizardFullaccess	/	AWS managed
AmazonLexFullAccess	/	AWS managed
AmazonLexReadOnly	/	AWS managed
AmazonLexRunBotsOnly	/	AWS managed
AmazonMachineLearningBatchPredictionsAccess	/	AWS managed
AmazonMachineLearningCreateOnlyAccess	/	AWS managed
AmazonMachineLearningFullAccess	/	AWS managed
AmazonMachineLearningManageRealTimeEndpointOnlyAccess	/	AWS managed
AmazonMachineLearningReadOnlyAccess	/	AWS managed
AmazonMachineLearningRealTimePredictionOnlyAccess	/	AWS managed
AmazonMachineLearningRoleforRedshiftDataSourceV2	/service-role/	AWS managed
AmazonMacieFullAccess	/	AWS managed
AmazonMacieHandshakeRole	/service-role/	AWS managed
AmazonMacieServiceRole	/service-role/	AWS managed
AmazonMacieServiceRolePolicy	/aws-service-role/	AWS managed
AmazonMacieSetupRole	/service-role/	AWS managed
AmazonManagedBlockchainConsoleFullAccess	/	AWS managed
AmazonManagedBlockchainFullAccess	/	AWS managed
AmazonManagedBlockchainReadOnlyAccess	/	AWS managed
AmazonManagedBlockchainServiceRolePolicy	/aws-service-role/	AWS managed
AmazonMCSFullAccess	/	AWS managed
AmazonMCSReadOnlyAccess	/	AWS managed
AmazonMechanicalTurkFullAccess	/	AWS managed
AmazonMechanicalTurkReadOnly	/	AWS managed
AmazonMobileAnalyticsFinancialReportAccess	/	AWS managed
AmazonMobileAnalyticsFullAccess	/	AWS managed
AmazonMobileAnalyticsNon-financialReportAccess	/	AWS managed
AmazonMobileAnalyticsWriteOnlyAccess	/	AWS managed
AmazonMQApiFullAccess	/	AWS managed
AmazonMQApiReadOnlyAccess	/	AWS managed
AmazonMQFullAccess	/	AWS managed
AmazonMQReadOnlyAccess	/	AWS managed
AmazonMSKFullAccess	/	AWS managed
AmazonMSKReadOnlyAccess	/	AWS managed
AmazonPersonalizeFullAccess	/service-role/	AWS managed
AmazonPollyFullAccess	/	AWS managed
AmazonPollyReadOnlyAccess	/	AWS managed
AmazonQLDBConsoleFullAccess	/	AWS managed
AmazonQLDBFullAccess	/	AWS managed
AmazonQLDBReadOnly	/	AWS managed
AmazonRDSBetaServiceRolePolicy	/aws-service-role/	AWS managed
AmazonRDSDataFullAccess	/	AWS managed
AmazonRDSDirectoryServiceAccess	/service-role/	AWS managed
AmazonRDSEnhancedMonitoringRole	/service-role/	AWS managed
AmazonRDSFullAccess	/	AWS managed
AmazonRDSPreviewServiceRolePolicy	/aws-service-role/	AWS managed
AmazonRDSReadOnlyAccess	/	AWS managed
AmazonRDSServiceRolePolicy	/aws-service-role/	AWS managed
AmazonRedshiftFullAccess	/	AWS managed
AmazonRedshiftQueryEditor	/	AWS managed
AmazonRedshiftReadOnlyAccess	/	AWS managed
AmazonRedshiftServiceLinkedRolePolicy	/aws-service-role/	AWS managed
AmazonRekognitionCustomLabelsFullAccess	/	AWS managed
AmazonRekognitionFullAccess	/	AWS managed
AmazonRekognitionReadOnlyAccess	/	AWS managed
AmazonRekognitionServiceRole	/service-role/	AWS managed
AmazonRoute53AutoNamingFullAccess	/	AWS managed
AmazonRoute53AutoNamingReadOnlyAccess	/	AWS managed
AmazonRoute53AutoNamingRegistrantAccess	/	AWS managed
AmazonRoute53DomainsFullAccess	/	AWS managed
AmazonRoute53DomainsReadOnlyAccess	/	AWS managed
AmazonRoute53FullAccess	/	AWS managed
AmazonRoute53ReadOnlyAccess	/	AWS managed
AmazonRoute53ResolverFullAccess	/	AWS managed
AmazonRoute53ResolverReadOnlyAccess	/	AWS managed
AmazonS3FullAccess	/	AWS managed
AmazonS3ReadOnlyAccess	/	AWS managed
AmazonSageMakerFullAccess	/	AWS managed
AmazonSageMakerMechanicalTurkAccess	/	AWS managed
AmazonSageMakerNotebooksServiceRolePolicy	/aws-service-role/	AWS managed
AmazonSageMakerReadOnly	/	AWS managed
AmazonSESFullAccess	/	AWS managed
AmazonSESReadOnlyAccess	/	AWS managed
AmazonSNSFullAccess	/	AWS managed
AmazonSNSReadOnlyAccess	/	AWS managed
AmazonSNSRole	/service-role/	AWS managed
AmazonSQSFullAccess	/	AWS managed
AmazonSQSReadOnlyAccess	/	AWS managed
AmazonSSMAutomationApproverAccess	/	AWS managed
AmazonSSMAutomationRole	/service-role/	AWS managed
AmazonSSMDirectoryServiceAccess	/	AWS managed
AmazonSSMFullAccess	/	AWS managed
AmazonSSMMaintenanceWindowRole	/service-role/	AWS managed
AmazonSSMManagedInstanceCore	/	AWS managed
AmazonSSMReadOnlyAccess	/	AWS managed
AmazonSSMServiceRolePolicy	/aws-service-role/	AWS managed
AmazonSumerianFullAccess	/	AWS managed
AmazonTextractFullAccess	/	AWS managed
AmazonTextractServiceRole	/service-role/	AWS managed
AmazonTranscribeFullAccess	/	AWS managed
AmazonTranscribeReadOnlyAccess	/	AWS managed
AmazonVPCCrossAccountNetworkInterfaceOperations	/	AWS managed
AmazonVPCFullAccess	/	AWS managed
AmazonVPCReadOnlyAccess	/	AWS managed
AmazonWorkDocsReadOnlyAccess	/	AWS managed
AmazonWorkLinkFullAccess	/	AWS managed
AmazonWorkLinkReadOnly	/	AWS managed
AmazonWorkLinkServiceRolePolicy	/aws-service-role/	AWS managed
AmazonWorkMailEventsServiceRolePolicy	/aws-service-role/	AWS managed
AmazonWorkMailFullAccess	/	AWS managed
AmazonWorkMailReadOnlyAccess	/	AWS managed
AmazonWorkSpacesAdmin	/	AWS managed
AmazonWorkSpacesApplicationManagerAdminAccess	/	AWS managed
AmazonWorkSpacesSelfServiceAccess	/	AWS managed
AmazonWorkSpacesServiceAccess	/	AWS managed
AmazonZocaloFullAccess	/	AWS managed
AmazonZocaloReadOnlyAccess	/	AWS managed
APIGatewayServiceRolePolicy	/aws-service-role/	AWS managed
ApplicationAutoScalingForAmazonAppStreamAccess	/service-role/	AWS managed
ApplicationDiscoveryServiceContinuousExportServiceRolePolicy	/aws-service-role/	AWS managed
AutoScalingConsoleFullAccess	/	AWS managed
AutoScalingConsoleReadOnlyAccess	/	AWS managed
AutoScalingFullAccess	/	AWS managed
AutoScalingNotificationAccessRole	/service-role/	AWS managed
AutoScalingReadOnlyAccess	/	AWS managed
AutoScalingServiceRolePolicy	/aws-service-role/	AWS managed
AWSAccountActivityAccess	/	AWS managed
AWSAccountUsageReportAccess	/	AWS managed
AWSAgentlessDiscoveryService	/	AWS managed
AWSApplicationAutoscalingAppStreamFleetPolicy	/aws-service-role/	AWS managed
AWSApplicationAutoscalingComprehendEndpointPolicy	/aws-service-role/	AWS managed
AWSApplicationAutoScalingCustomResourcePolicy	/aws-service-role/	AWS managed
AWSApplicationAutoscalingDynamoDBTablePolicy	/aws-service-role/	AWS managed
AWSApplicationAutoscalingEC2SpotFleetRequestPolicy	/aws-service-role/	AWS managed
AWSApplicationAutoscalingECSServicePolicy	/aws-service-role/	AWS managed
AWSApplicationAutoscalingEMRInstanceGroupPolicy	/aws-service-role/	AWS managed
AWSApplicationAutoscalingLambdaConcurrencyPolicy	/aws-service-role/	AWS managed
AWSApplicationAutoscalingRDSClusterPolicy	/aws-service-role/	AWS managed
AWSApplicationAutoscalingSageMakerEndpointPolicy	/aws-service-role/	AWS managed
AWSApplicationDiscoveryAgentAccess	/	AWS managed
AWSApplicationDiscoveryServiceFullAccess	/	AWS managed
AWSAppMeshEnvoyAccess	/	AWS managed
AWSAppMeshFullAccess	/	AWS managed
AWSAppMeshPreviewEnvoyAccess	/	AWS managed
AWSAppMeshPreviewServiceRolePolicy	/aws-service-role/	AWS managed
AWSAppMeshReadOnly	/	AWS managed
AWSAppMeshServiceRolePolicy	/aws-service-role/	AWS managed
AWSAppSyncAdministrator	/	AWS managed
AWSAppSyncInvokeFullAccess	/	AWS managed
AWSAppSyncPushToCloudWatchLogs	/service-role/	AWS managed
AWSAppSyncSchemaAuthor	/	AWS managed
AWSAppSyncServiceRolePolicy	/aws-service-role/	AWS managed
AWSArtifactAccountSync	/service-role/	AWS managed
AWSAutoScalingPlansEC2AutoScalingPolicy	/aws-service-role/	AWS managed
AWSB9InternalServicePolicy	/	AWS managed
AWSBackupFullAccess	/	AWS managed
AWSBackupOperatorAccess	/	AWS managed
AWSBackupServiceRolePolicyForBackup	/service-role/	AWS managed
AWSBackupServiceRolePolicyForRestores	/service-role/	AWS managed
AWSBatchFullAccess	/	AWS managed
AWSBatchServiceEventTargetRole	/service-role/	AWS managed
AWSBatchServiceRole	/service-role/	AWS managed
AWSCertificateManagerFullAccess	/	AWS managed
AWSCertificateManagerPrivateCAAuditor	/	AWS managed
AWSCertificateManagerPrivateCAFullAccess	/	AWS managed
AWSCertificateManagerPrivateCAPrivilegedUser	/	AWS managed
AWSCertificateManagerPrivateCAReadOnly	/	AWS managed
AWSCertificateManagerPrivateCAUser	/	AWS managed
AWSCertificateManagerReadOnly	/	AWS managed
AWSChatbotServiceLinkedRolePolicy	/aws-service-role/	AWS managed
AWSCloud9Administrator	/	AWS managed
AWSCloud9EnvironmentMember	/	AWS managed
AWSCloud9ServiceRolePolicy	/aws-service-role/	AWS managed
AWSCloud9User	/	AWS managed
AWSCloudFormationFullAccess	/	AWS managed
AWSCloudFormationReadOnlyAccess	/	AWS managed
AWSCloudFrontLogger	/aws-service-role/	AWS managed
AWSCloudHSMFullAccess	/	AWS managed
AWSCloudHSMReadOnlyAccess	/	AWS managed
AWSCloudHSMRole	/service-role/	AWS managed
AWSCloudMapDiscoverInstanceAccess	/	AWS managed
AWSCloudMapFullAccess	/	AWS managed
AWSCloudMapReadOnlyAccess	/	AWS managed
AWSCloudMapRegisterInstanceAccess	/	AWS managed
AWSCloudTrailFullAccess	/	AWS managed
AWSCloudTrailReadOnlyAccess	/	AWS managed
AWSCodeBuildAdminAccess	/	AWS managed
AWSCodeBuildDeveloperAccess	/	AWS managed
AWSCodeBuildReadOnlyAccess	/	AWS managed
AWSCodeCommitFullAccess	/	AWS managed
AWSCodeCommitPowerUser	/	AWS managed
AWSCodeCommitReadOnly	/	AWS managed
AWSCodeDeployDeployerAccess	/	AWS managed
AWSCodeDeployFullAccess	/	AWS managed
AWSCodeDeployReadOnlyAccess	/	AWS managed
AWSCodeDeployRole	/service-role/	AWS managed
AWSCodeDeployRoleForECS	/	AWS managed
AWSCodeDeployRoleForECSLimited	/	AWS managed
AWSCodeDeployRoleForLambda	/service-role/	AWS managed
AWSCodePipelineApproverAccess	/	AWS managed
AWSCodePipelineCustomActionAccess	/	AWS managed
AWSCodePipelineFullAccess	/	AWS managed
AWSCodePipelineReadOnlyAccess	/	AWS managed
AWSCodeStarFullAccess	/	AWS managed
AWSCodeStarNotificationsServiceRolePolicy	/aws-service-role/	AWS managed
AWSCodeStarServiceRole	/service-role/	AWS managed
AWSConfigMultiAccountSetupPolicy	/aws-service-role/	AWS managed
AWSConfigRemediationServiceRolePolicy	/aws-service-role/	AWS managed
AWSConfigRole	/service-role/	AWS managed
AWSConfigRoleForOrganizations	/service-role/	AWS managed
AWSConfigRulesExecutionRole	/service-role/	AWS managed
AWSConfigServiceRolePolicy	/aws-service-role/	AWS managed
AWSConfigUserAccess	/	AWS managed
AWSConnector	/	AWS managed
AWSControlTowerServiceRolePolicy	/service-role/	AWS managed
AWSDataExchangeFullAccess	/	AWS managed
AWSDataExchangeProviderFullAccess	/	AWS managed
AWSDataExchangeReadOnly	/	AWS managed
AWSDataExchangeSubscriberFullAccess	/	AWS managed
AWSDataLifecycleManagerServiceRole	/service-role/	AWS managed
AWSDataPipeline_FullAccess	/	AWS managed
AWSDataPipeline_PowerUser	/	AWS managed
AWSDataPipelineRole	/service-role/	AWS managed
AWSDataSyncFullAccess	/	AWS managed
AWSDataSyncReadOnlyAccess	/	AWS managed
AWSDeepLensLambdaFunctionAccessPolicy	/	AWS managed
AWSDeepLensServiceRolePolicy	/service-role/	AWS managed
AWSDeepRacerCloudFormationAccessPolicy	/	AWS managed
AWSDeepRacerRoboMakerAccessPolicy	/	AWS managed
AWSDeepRacerServiceRolePolicy	/service-role/	AWS managed
AWSDenyAll	/	AWS managed
AWSDeviceFarmFullAccess	/	AWS managed
AWSDirectConnectFullAccess	/	AWS managed
AWSDirectConnectReadOnlyAccess	/	AWS managed
AWSDirectoryServiceFullAccess	/	AWS managed
AWSDirectoryServiceReadOnlyAccess	/	AWS managed
AWSDiscoveryContinuousExportFirehosePolicy	/	AWS managed
AWSEC2FleetServiceRolePolicy	/aws-service-role/	AWS managed
AWSEC2SpotFleetServiceRolePolicy	/aws-service-role/	AWS managed
AWSEC2SpotServiceRolePolicy	/aws-service-role/	AWS managed
AWSElasticBeanstalkCustomPlatformforEC2Role	/	AWS managed
AWSElasticBeanstalkEnhancedHealth	/service-role/	AWS managed
AWSElasticBeanstalkFullAccess	/	AWS managed
AWSElasticBeanstalkMaintenance	/aws-service-role/	AWS managed
AWSElasticBeanstalkManagedUpdatesServiceRolePolicy	/aws-service-role/	AWS managed
AWSElasticBeanstalkMulticontainerDocker	/	AWS managed
AWSElasticBeanstalkReadOnlyAccess	/	AWS managed
AWSElasticBeanstalkService	/service-role/	AWS managed
AWSElasticBeanstalkServiceRolePolicy	/aws-service-role/	AWS managed
AWSElasticBeanstalkWebTier	/	AWS managed
AWSElasticBeanstalkWorkerTier	/	AWS managed
AWSElasticLoadBalancingClassicServiceRolePolicy	/aws-service-role/	AWS managed
AWSElasticLoadBalancingServiceRolePolicy	/aws-service-role/	AWS managed
AWSElementalMediaConvertFullAccess	/	AWS managed
AWSElementalMediaConvertReadOnly	/	AWS managed
AWSElementalMediaPackageFullAccess	/	AWS managed
AWSElementalMediaPackageReadOnly	/	AWS managed
AWSElementalMediaStoreFullAccess	/	AWS managed
AWSElementalMediaStoreReadOnly	/	AWS managed
AWSEnhancedClassicNetworkingMangementPolicy	/aws-service-role/	AWS managed
AWSFMAdminFullAccess	/	AWS managed
AWSFMAdminReadOnlyAccess	/	AWS managed
AWSFMMemberReadOnlyAccess	/	AWS managed
AWSForWordPressPluginPolicy	/	AWS managed
AWSGlobalAcceleratorSLRPolicy	/aws-service-role/	AWS managed
AWSGlueConsoleFullAccess	/	AWS managed
AWSGlueConsoleSageMakerNotebookFullAccess	/	AWS managed
AWSGlueServiceNotebookRole	/service-role/	AWS managed
AWSGlueServiceRole	/service-role/	AWS managed
AWSGreengrassFullAccess	/	AWS managed
AWSGreengrassReadOnlyAccess	/	AWS managed
AWSGreengrassResourceAccessRolePolicy	/service-role/	AWS managed
AWSHealthFullAccess	/	AWS managed
AWSImageBuilderFullAccess	/	AWS managed
AWSImageBuilderReadOnlyAccess	/	AWS managed
AWSImportExportFullAccess	/	AWS managed
AWSImportExportReadOnlyAccess	/	AWS managed
AWSIoT1ClickFullAccess	/	AWS managed
AWSIoT1ClickReadOnlyAccess	/	AWS managed
AWSIoTAnalyticsFullAccess	/	AWS managed
AWSIoTAnalyticsReadOnlyAccess	/	AWS managed
AWSIoTConfigAccess	/	AWS managed
AWSIoTConfigReadOnlyAccess	/	AWS managed
AWSIoTDataAccess	/	AWS managed
AWSIoTDeviceDefenderAddThingsToThingGroupMitigationAction	/service-role/	AWS managed
AWSIoTDeviceDefenderAudit	/service-role/	AWS managed
AWSIoTDeviceDefenderEnableIoTLoggingMitigationAction	/service-role/	AWS managed
AWSIoTDeviceDefenderPublishFindingsToSNSMitigationAction	/service-role/	AWS managed
AWSIoTDeviceDefenderReplaceDefaultPolicyMitigationAction	/service-role/	AWS managed
AWSIoTDeviceDefenderUpdateCACertMitigationAction	/service-role/	AWS managed
AWSIoTDeviceDefenderUpdateDeviceCertMitigationAction	/service-role/	AWS managed
AWSIoTDeviceTesterForFreeRTOSFullAccess	/	AWS managed
AWSIoTDeviceTesterForGreengrassFullAccess	/	AWS managed
AWSIoTEventsFullAccess	/	AWS managed
AWSIoTEventsReadOnlyAccess	/	AWS managed
AWSIoTFullAccess	/	AWS managed
AWSIoTLogging	/service-role/	AWS managed
AWSIoTOTAUpdate	/service-role/	AWS managed
AWSIoTRuleActions	/service-role/	AWS managed
AWSIoTSiteWiseConsoleFullAccess	/	AWS managed
AWSIoTSiteWiseFullAccess	/	AWS managed
AWSIoTSiteWiseMonitorServiceRolePolicy	/aws-service-role/	AWS managed
AWSIoTSiteWiseReadOnlyAccess	/	AWS managed
AWSIoTThingsRegistration	/service-role/	AWS managed
AWSIQContractServiceRolePolicy	/aws-service-role/	AWS managed
AWSIQFullAccess	/	AWS managed
AWSIQPermissionServiceRolePolicy	/aws-service-role/	AWS managed
AWSKeyManagementServiceCustomKeyStoresServiceRolePolicy	/aws-service-role/	AWS managed
AWSKeyManagementServicePowerUser	/	AWS managed
AWSLakeFormationDataAdmin	/	AWS managed
AWSLambdaBasicExecutionRole	/service-role/	AWS managed
AWSLambdaDynamoDBExecutionRole	/service-role/	AWS managed
AWSLambdaENIManagementAccess	/service-role/	AWS managed
AWSLambdaExecute	/	AWS managed
AWSLambdaFullAccess	/	AWS managed
AWSLambdaInvocation-DynamoDB	/	AWS managed
AWSLambdaKinesisExecutionRole	/service-role/	AWS managed
AWSLambdaReadOnlyAccess	/	AWS managed
AWSLambdaReplicator	/aws-service-role/	AWS managed
AWSLambdaRole	/service-role/	AWS managed
AWSLambdaSQSQueueExecutionRole	/service-role/	AWS managed
AWSLambdaVPCAccessExecutionRole	/service-role/	AWS managed
AWSLicenseManagerMasterAccountRolePolicy	/aws-service-role/	AWS managed
AWSLicenseManagerMemberAccountRolePolicy	/aws-service-role/	AWS managed
AWSLicenseManagerServiceRolePolicy	/aws-service-role/	AWS managed
AWSMarketplaceFullAccess	/	AWS managed
AWSMarketplaceGetEntitlements	/	AWS managed
AWSMarketplaceImageBuildFullAccess	/	AWS managed
AWSMarketplaceManageSubscriptions	/	AWS managed
AWSMarketplaceMeteringFullAccess	/	AWS managed
AWSMarketplaceMeteringRegisterUsage	/	AWS managed
AWSMarketplaceProcurementSystemAdminFullAccess	/	AWS managed
AWSMarketplaceRead-only	/	AWS managed
AWSMarketplaceSellerFullAccess	/	AWS managed
AWSMarketplaceSellerProductsFullAccess	/	AWS managed
AWSMarketplaceSellerProductsReadOnly	/	AWS managed
AWSMigrationHubDiscoveryAccess	/service-role/	AWS managed
AWSMigrationHubDMSAccess	/service-role/	AWS managed
AWSMigrationHubFullAccess	/	AWS managed
AWSMigrationHubSMSAccess	/service-role/	AWS managed
AWSMobileHub_FullAccess	/	AWS managed
AWSMobileHub_ReadOnly	/	AWS managed
AWSNetworkManagerFullAccess	/	AWS managed
AWSNetworkManagerReadOnlyAccess	/	AWS managed
AWSNetworkManagerServiceRolePolicy	/aws-service-role/	AWS managed
AWSOpsWorksCloudWatchLogs	/	AWS managed
AWSOpsWorksCMInstanceProfileRole	/	AWS managed
AWSOpsWorksCMServiceRole	/service-role/	AWS managed
AWSOpsWorksFullAccess	/	AWS managed
AWSOpsWorksInstanceRegistration	/	AWS managed
AWSOpsWorksRegisterCLI_EC2	/	AWS managed
AWSOpsWorksRegisterCLI_OnPremises	/	AWS managed
AWSOpsWorksRole	/service-role/	AWS managed
AWSOrganizationsFullAccess	/	AWS managed
AWSOrganizationsReadOnlyAccess	/	AWS managed
AWSOrganizationsServiceTrustPolicy	/aws-service-role/	AWS managed
AWSPriceListServiceFullAccess	/	AWS managed
AWSPrivateMarketplaceAdminFullAccess	/	AWS managed
AWSPrivateMarketplaceRequests	/	AWS managed
AWSQuicksightAthenaAccess	/service-role/	AWS managed
AWSQuickSightDescribeRDS	/service-role/	AWS managed
AWSQuickSightDescribeRedshift	/service-role/	AWS managed
AWSQuickSightIoTAnalyticsAccess	/	AWS managed
AWSQuickSightListIAM	/service-role/	AWS managed
AWSQuickSightSageMakerPolicy	/service-role/	AWS managed
AWSResourceAccessManagerFullAccess	/	AWS managed
AWSResourceAccessManagerReadOnlyAccess	/	AWS managed
AWSResourceAccessManagerResourceShareParticipantAccess	/	AWS managed
AWSResourceAccessManagerServiceRolePolicy	/aws-service-role/	AWS managed
AWSResourceGroupsReadOnlyAccess	/	AWS managed
AWSRoboMakerFullAccess	/	AWS managed
AWSRoboMakerReadOnlyAccess	/	AWS managed
AWSRoboMakerServicePolicy	/aws-service-role/	AWS managed
AWSRoboMakerServiceRolePolicy	/	AWS managed
AWSSavingsPlansFullAccess	/	AWS managed
AWSSavingsPlansReadOnlyAccess	/	AWS managed
AWSSecurityHubFullAccess	/	AWS managed
AWSSecurityHubReadOnlyAccess	/	AWS managed
AWSSecurityHubServiceRolePolicy	/aws-service-role/	AWS managed
AWSServiceCatalogAdminFullAccess	/	AWS managed
AWSServiceCatalogAdminReadOnlyAccess	/	AWS managed
AWSServiceCatalogEndUserFullAccess	/	AWS managed
AWSServiceCatalogEndUserReadOnlyAccess	/	AWS managed
AWSServiceRoleForAmazonEKSNodegroup	/aws-service-role/	AWS managed
AWSServiceRoleForEC2ScheduledInstances	/aws-service-role/	AWS managed
AWSServiceRoleForGammaInternalAmazonEKSNodegroup	/	AWS managed
AWSServiceRoleForImageBuilder	/aws-service-role/	AWS managed
AWSServiceRoleForIoTSiteWise	/aws-service-role/	AWS managed
AWSServiceRoleForLogDeliveryPolicy	/aws-service-role/	AWS managed
AWSServiceRoleForSMS	/aws-service-role/	AWS managed
AWSShieldDRTAccessPolicy	/service-role/	AWS managed
AWSSSODirectoryAdministrator	/	AWS managed
AWSSSODirectoryReadOnly	/	AWS managed
AWSSSOMasterAccountAdministrator	/	AWS managed
AWSSSOMemberAccountAdministrator	/	AWS managed
AWSSSOReadOnly	/	AWS managed
AWSSSOServiceRolePolicy	/aws-service-role/	AWS managed
AWSStepFunctionsConsoleFullAccess	/	AWS managed
AWSStepFunctionsFullAccess	/	AWS managed
AWSStepFunctionsReadOnlyAccess	/	AWS managed
AWSStorageGatewayFullAccess	/	AWS managed
AWSStorageGatewayReadOnlyAccess	/	AWS managed
AWSSupportAccess	/	AWS managed
AWSSupportServiceRolePolicy	/aws-service-role/	AWS managed
AWSSystemsManagerAccountDiscoveryServicePolicy	/aws-service-role/	AWS managed
AWSTransferLoggingAccess	/service-role/	AWS managed
AWSTrustedAdvisorReportingServiceRolePolicy	/aws-service-role/	AWS managed
AWSTrustedAdvisorServiceRolePolicy	/aws-service-role/	AWS managed
AWSVPCS2SVpnServiceRolePolicy	/aws-service-role/	AWS managed
AWSVPCTransitGatewayServiceRolePolicy	/aws-service-role/	AWS managed
AWSWAFFullAccess	/	AWS managed
AWSWAFReadOnlyAccess	/	AWS managed
AWSXRayDaemonWriteAccess	/	AWS managed
AWSXrayFullAccess	/	AWS managed
AWSXrayReadOnlyAccess	/	AWS managed
AWSXrayWriteOnlyAccess	/	AWS managed
Billing	/job-function/	Job function
ClientVPNServiceRolePolicy	/aws-service-role/	AWS managed
CloudFormationStackSetsOrgAdminServiceRolePolicy	/aws-service-role/	AWS managed
CloudFormationStackSetsOrgMemberServiceRolePolicy	/aws-service-role/	AWS managed
CloudFrontFullAccess	/	AWS managed
CloudFrontReadOnlyAccess	/	AWS managed
CloudHSMServiceRolePolicy	/aws-service-role/	AWS managed
CloudSearchFullAccess	/	AWS managed
CloudSearchReadOnlyAccess	/	AWS managed
CloudTrailServiceRolePolicy	/aws-service-role/	AWS managed
CloudWatch-CrossAccountAccess	/aws-service-role/	AWS managed
CloudWatchActionsEC2Access	/	AWS managed
CloudWatchAgentAdminPolicy	/	AWS managed
CloudWatchAgentServerPolicy	/	AWS managed
CloudwatchApplicationInsightsServiceLinkedRolePolicy	/aws-service-role/	AWS managed
CloudWatchAutomaticDashboardsAccess	/	AWS managed
CloudWatchEventsBuiltInTargetExecutionAccess	/service-role/	AWS managed
CloudWatchEventsFullAccess	/	AWS managed
CloudWatchEventsInvocationAccess	/service-role/	AWS managed
CloudWatchEventsReadOnlyAccess	/	AWS managed
CloudWatchEventsServiceRolePolicy	/aws-service-role/	AWS managed
CloudWatchFullAccess	/	AWS managed
CloudWatchLogsFullAccess	/	AWS managed
CloudWatchLogsReadOnlyAccess	/	AWS managed
CloudWatchReadOnlyAccess	/	AWS managed
CloudWatchSyntheticsFullAccess	/	AWS managed
CloudWatchSyntheticsReadOnlyAccess	/	AWS managed
ComprehendDataAccessRolePolicy	/service-role/	AWS managed
ComprehendFullAccess	/	AWS managed
ComprehendMedicalFullAccess	/	AWS managed
ComprehendReadOnly	/	AWS managed
ComputeOptimizerServiceRolePolicy	/aws-service-role/	AWS managed
ConfigConformsServiceRolePolicy	/aws-service-role/	AWS managed
DatabaseAdministrator	/job-function/	Job function
DataScientist	/job-function/	Job function
DAXServiceRolePolicy	/aws-service-role/	AWS managed
DynamoDBCloudWatchContributorInsightsServiceRolePolicy	/aws-service-role/	AWS managed
DynamoDBReplicationServiceRolePolicy	/aws-service-role/	AWS managed
EC2FleetTimeShiftableServiceRolePolicy	/aws-service-role/	AWS managed
EC2InstanceConnect	/	AWS managed
EC2InstanceProfileForImageBuilder	/	AWS managed
ElastiCacheServiceRolePolicy	/aws-service-role/	AWS managed
ElasticLoadBalancingFullAccess	/	AWS managed
ElasticLoadBalancingReadOnly	/	AWS managed
ElementalAppliancesSoftwareFullAccess	/	AWS managed
FMSServiceRolePolicy	/aws-service-role/	AWS managed
FSxDeleteServiceLinkedRoleAccess	/aws-service-role/	AWS managed
GlobalAcceleratorFullAccess	/	AWS managed
GlobalAcceleratorReadOnlyAccess	/	AWS managed
GreengrassOTAUpdateArtifactAccess	/service-role/	AWS managed
Health_OrganizationsServiceRolePolicy	/aws-service-role/	AWS managed
IAMAccessAdvisorReadOnly	/	AWS managed
IAMAccessAnalyzerFullAccess	/	AWS managed
IAMAccessAnalyzerReadOnlyAccess	/	AWS managed
IAMFullAccess	/	AWS managed
IAMReadOnlyAccess	/	AWS managed
IAMSelfManageServiceSpecificCredentials	/	AWS managed
IAMUserChangePassword	/	AWS managed
IAMUserSSHKeys	/	AWS managed
KafkaServiceRolePolicy	/aws-service-role/	AWS managed
LakeFormationDataAccessServiceRolePolicy	/aws-service-role/	AWS managed
LexBotPolicy	/aws-service-role/	AWS managed
LexChannelPolicy	/aws-service-role/	AWS managed
LightsailExportAccess	/aws-service-role/	AWS managed
MigrationHubDMSAccessServiceRolePolicy	/aws-service-role/	AWS managed
MigrationHubServiceRolePolicy	/aws-service-role/	AWS managed
MigrationHubSMSAccessServiceRolePolicy	/aws-service-role/	AWS managed
NeptuneConsoleFullAccess	/	AWS managed
NeptuneFullAccess	/	AWS managed
NeptuneReadOnlyAccess	/	AWS managed
NetworkAdministrator	/job-function/	Job function
PowerUserAccess	/	Job function
QuickSightAccessForS3StorageManagementAnalyticsReadOnly	/service-role/	AWS managed
RDSCloudHsmAuthorizationRole	/service-role/	AWS managed
ReadOnlyAccess	/	AWS managed
ResourceGroupsandTagEditorFullAccess	/	AWS managed
ResourceGroupsandTagEditorReadOnlyAccess	/	AWS managed
SecretsManagerReadWrite	/	AWS managed
SecurityAudit	/	Job function
ServerMigrationConnector	/	AWS managed
ServerMigrationServiceLaunchRole	/service-role/	AWS managed
ServerMigrationServiceRole	/service-role/	AWS managed
ServiceQuotasFullAccess	/	AWS managed
ServiceQuotasReadOnlyAccess	/	AWS managed
ServiceQuotasServiceRolePolicy	/aws-service-role/	AWS managed
SimpleWorkflowFullAccess	/	AWS managed
SupportUser	/job-function/	Job function
SystemAdministrator	/job-function/	Job function
TagPoliciesServiceRolePolicy	/aws-service-role/	AWS managed
TranslateFullAccess	/	AWS managed
TranslateReadOnly	/	AWS managed
ViewOnlyAccess	/job-function/	Job function
VMImportExportRoleForAWSConnector	/service-role/	AWS managed
WAFLoggingServiceRolePolicy	/aws-service-role/	AWS managed
WAFRegionalLoggingServiceRolePolicy	/aws-service-role/	AWS managed
WAFV2LoggingServiceRolePolicy	/aws-service-role/	AWS managed
WellArchitectedConsoleFullAccess	/	AWS managed
WellArchitectedConsoleReadOnlyAccess	/	AWS managed
WorkLinkServiceRolePolicy	/	AWS managed
